#Re	C_D
550	1.2692173
3000	1.362992
