#Reynolds	C_d
19.9947		2.02110
40.3380		1.51109
47.0675		1.41512
101.124		1.34369
201.147		1.34294
500.717		1.43774
